{"cameraMode":{"drawMode":0,"name":"Shaded","section":"Shading Mode"},"sceneLighting":false,"audioPlay":false,"sceneViewState":{"m_AlwaysRefresh":false,"showFog":true,"showSkybox":false,"showFlares":true,"showImageEffects":true,"showParticleSystems":true,"showVisualEffectGraphs":true,"m_FxEnabled":true},"in2DMode":false,"pivot":{"x":-0.010957852937281132,"y":-12.90306282043457,"z":-1.964280366897583},"rotation":{"x":-0.7296290993690491,"y":-0.0036927666515111925,"z":0.003944211173802614,"w":-0.683802604675293},"size":15.254242897033692,"orthographic":false}